frame,dx,dy,scale,angle,cum_x,cum_y,cum_scale,cum_angle,inliers
0,0.000000,0.000000,1.000000,0.000000,0.000000,0.000000,1.000000,0.000000,0
1,-0.148961,0.226324,1.000004,-0.022560,-0.148961,0.226324,1.000004,-0.022560,219
2,-0.042615,-0.314672,1.000039,0.010466,-0.191576,-0.088348,1.000043,-0.012094,239
3,-0.021786,-0.039299,0.999920,-0.001627,-0.213362,-0.127647,0.999964,-0.013721,262
4,-0.026779,0.013824,0.999870,0.013191,-0.240142,-0.113823,0.999833,-0.000530,226
5,0.169521,0.186725,0.999675,-0.003708,-0.070621,0.072902,0.999508,-0.004238,251
6,0.110795,-0.055044,0.999921,0.006799,0.040174,0.017858,0.999429,0.002561,252
7,0.002768,0.089651,1.000121,-0.009074,0.042942,0.107509,0.999550,-0.006513,195
8,-0.121815,0.037198,1.000164,0.000679,-0.078873,0.144707,0.999714,-0.005834,257
9,-0.133572,0.086431,1.000145,0.001023,-0.212445,0.231138,0.999858,-0.004811,277
10,0.023160,-0.426683,1.000187,0.019992,-0.189285,-0.195545,1.000046,0.015181,256
11,0.049941,-0.058768,0.999953,0.002931,-0.139344,-0.254313,0.999999,0.018112,297
12,-0.236565,-0.024626,1.000373,-0.003095,-0.375910,-0.278939,1.000372,0.015017,278
13,0.023571,-0.050160,1.000073,0.002146,-0.352339,-0.329099,1.000445,0.017163,309
14,-0.090259,0.202903,1.000086,-0.017551,-0.442598,-0.126196,1.000532,-0.000388,301
15,0.226911,-0.179724,0.999970,0.021661,-0.215687,-0.305920,1.000502,0.021273,269
16,-0.055454,0.005309,1.000042,0.000929,-0.271141,-0.300611,1.000544,0.022202,242
17,-0.043088,-0.089398,1.000053,0.011861,-0.314229,-0.390009,1.000597,0.034063,246
18,0.116715,0.019650,0.999898,-0.004664,-0.197514,-0.370359,1.000495,0.029399,234
19,-0.070739,0.183089,1.000008,-0.013482,-0.268253,-0.187271,1.000503,0.015917,208
20,0.009155,0.068963,0.999999,-0.004860,-0.259098,-0.118308,1.000503,0.011057,187
21,0.378412,0.439859,0.999395,-0.010919,0.119314,0.321552,0.999898,0.000138,179
22,0.157203,0.156734,0.999703,0.007644,0.276516,0.478286,0.999601,0.007782,204
23,-0.020700,-0.145628,1.000274,0.010282,0.255817,0.332658,0.999874,0.018065,204
24,0.197769,-0.164533,0.999951,0.019005,0.453586,0.168125,0.999826,0.037069,183
25,0.142624,-0.340964,0.999888,0.033353,0.596209,-0.172839,0.999713,0.070422,174
26,0.015064,0.202525,0.999874,-0.016238,0.611274,0.029685,0.999587,0.054184,155
27,0.105780,0.398332,0.999828,-0.002739,0.717053,0.428017,0.999415,0.051445,149
28,0.084817,-0.109675,1.000062,-0.001991,0.801871,0.318343,0.999477,0.049454,159
29,-0.036220,0.224442,1.000032,-0.019794,0.765651,0.542785,0.999509,0.029660,121
30,0.010392,-0.067164,1.000212,0.010189,0.776043,0.475622,0.999721,0.039849,133
31,0.044223,0.013734,1.000086,0.009957,0.820266,0.489356,0.999807,0.049806,120
32,0.021443,-0.299056,0.999990,0.011788,0.841709,0.190300,0.999797,0.061594,138
33,0.213964,-0.439723,0.999810,0.034926,1.055673,-0.249423,0.999608,0.096519,160
34,-0.268966,-0.329974,1.000193,0.019522,0.786707,-0.579397,0.999801,0.116041,178
35,-0.222023,0.609532,0.999994,-0.034307,0.564684,0.030134,0.999794,0.081734,167
36,-0.406656,0.232806,1.000090,-0.011560,0.158028,0.262940,0.999884,0.070173,177
37,0.581237,0.123672,0.999961,0.046157,0.739265,0.386612,0.999845,0.116330,136
38,-0.052484,0.095669,1.000074,-0.007146,0.686781,0.482281,0.999919,0.109184,175
39,0.125511,-0.391909,1.000143,0.034412,0.812292,0.090372,1.000062,0.143596,160
40,0.161284,-0.069747,0.999925,0.006401,0.973577,0.020625,0.999987,0.149997,170
41,-0.283455,0.174222,0.999997,-0.010554,0.690122,0.194847,0.999984,0.139443,179
42,0.044129,0.151151,0.999793,0.012183,0.734251,0.345997,0.999776,0.151626,192
43,-0.065871,0.007540,1.000221,0.001327,0.668380,0.353537,0.999997,0.152953,203
44,0.196095,-0.094367,0.999908,0.010298,0.864475,0.259170,0.999905,0.163251,159
45,-0.021860,-0.437644,1.000132,0.021938,0.842615,-0.178475,1.000037,0.185189,209
46,0.027095,0.285223,0.999933,-0.019035,0.869710,0.106748,0.999970,0.166154,171
47,0.334578,-0.017135,0.999576,0.006323,1.204288,0.089613,0.999547,0.172477,173
48,0.101456,0.072561,0.999675,-0.002715,1.305744,0.162174,0.999222,0.169761,220
49,-0.181969,0.093519,1.000015,-0.004541,1.123775,0.255693,0.999237,0.165220,241
50,0.211605,0.106255,0.999810,-0.001772,1.335380,0.361949,0.999047,0.163449,236
51,-0.490865,0.289953,1.000716,-0.032250,0.844515,0.651902,0.999763,0.131199,168
52,-0.285945,-0.118685,0.999899,-0.011315,0.558570,0.533217,0.999661,0.119884,265
53,0.350644,-0.037555,0.999987,0.001647,0.909214,0.495662,0.999648,0.121530,184
54,0.058021,0.075183,1.000095,0.009899,0.967234,0.570845,0.999743,0.131430,246
55,0.091174,-0.015687,0.999810,0.017015,1.058408,0.555158,0.999553,0.148445,157
56,-0.124301,-0.223918,1.000102,-0.007222,0.934107,0.331239,0.999655,0.141222,227
57,-0.559817,-0.185416,1.000417,-0.009412,0.374289,0.145823,1.000072,0.131810,267
58,-0.202186,-0.104800,1.000092,-0.001052,0.172104,0.041022,1.000164,0.130757,239
59,0.600775,-0.388311,0.999400,0.026831,0.772879,-0.347288,0.999564,0.157589,224
60,-0.219750,0.136973,0.999928,-0.024363,0.553129,-0.210315,0.999493,0.133225,259
61,-0.268523,0.092715,1.000163,-0.017863,0.284606,-0.117601,0.999656,0.115362,233
62,0.223784,-0.177107,0.999838,0.014529,0.508390,-0.294708,0.999493,0.129891,277
63,0.330863,-0.322160,0.999861,0.034702,0.839253,-0.616867,0.999354,0.164593,283
64,-0.057386,-0.021955,1.000008,-0.001054,0.781867,-0.638823,0.999363,0.163538,279
65,-0.027171,0.175987,0.999869,-0.012316,0.754697,-0.462835,0.999232,0.151222,288
66,-0.000394,0.000344,1.000000,-0.000108,0.754302,-0.462491,0.999231,0.151114,400
67,0.022124,0.081760,0.999894,0.008237,0.776426,-0.380731,0.999125,0.159351,219
68,0.058039,-0.076933,0.999926,0.011348,0.834465,-0.457664,0.999052,0.170699,259
69,0.210705,0.233410,0.999724,-0.004757,1.045170,-0.224254,0.998776,0.165941,249
70,0.144049,-0.193784,1.000020,0.003188,1.189219,-0.418038,0.998796,0.169129,229
71,0.006667,0.116846,0.999942,0.005778,1.195886,-0.301192,0.998739,0.174907,257
72,-0.007154,0.051563,1.000004,-0.000496,1.188732,-0.249628,0.998742,0.174411,238
73,0.241123,-0.206969,0.999583,0.001524,1.429854,-0.456597,0.998326,0.175935,186
74,0.037310,0.147150,0.999753,-0.007422,1.467165,-0.309447,0.998079,0.168513,222
75,-0.018059,0.505447,0.999873,-0.031834,1.449106,0.196000,0.997952,0.136679,217
76,-0.330503,-0.001568,1.000164,-0.003617,1.118603,0.194433,0.998116,0.133062,192
77,0.226797,-0.257506,0.999967,0.051589,1.345399,-0.063074,0.998084,0.184651,174
78,-0.337028,-0.043894,1.000312,-0.002785,1.008371,-0.106968,0.998395,0.181866,204
79,-0.006718,0.149208,0.999922,-0.007291,1.001653,0.042240,0.998317,0.174575,230
80,0.287785,-0.076186,0.999617,0.028638,1.289438,-0.033946,0.997935,0.203213,240
81,0.019580,-0.256816,1.000016,0.015923,1.309018,-0.290762,0.997951,0.219136,212
82,0.117978,-0.062931,0.999914,0.022221,1.426996,-0.353693,0.997865,0.241357,200
83,-0.140050,-0.039779,0.999966,-0.004597,1.286946,-0.393472,0.997831,0.236760,223
84,0.073600,-0.035707,0.999906,0.004541,1.360546,-0.429179,0.997737,0.241301,197
85,-0.701224,0.237044,1.000360,-0.045900,0.659322,-0.192135,0.998096,0.195402,192
86,-0.458007,0.031904,1.000323,-0.009824,0.201315,-0.160231,0.998419,0.185578,215
87,0.085099,0.087567,0.999708,-0.000296,0.286415,-0.072664,0.998128,0.185281,202
88,0.107185,0.042326,0.999875,-0.006737,0.393600,-0.030337,0.998003,0.178544,217
89,-0.048448,-0.024110,0.999932,-0.008836,0.345152,-0.054447,0.997936,0.169708,215
90,0.213003,-0.101649,0.999755,0.005493,0.558154,-0.156097,0.997691,0.175201,224
91,-0.061810,-0.060411,1.000036,0.004969,0.496344,-0.216508,0.997727,0.180170,208
92,0.176801,0.277512,0.999810,-0.001631,0.673146,0.061004,0.997537,0.178539,195
93,0.262643,-0.247154,0.999868,0.041001,0.935789,-0.186151,0.997406,0.219540,213
94,-0.629898,0.206527,1.000315,-0.038884,0.305891,0.020376,0.997720,0.180656,193
95,-0.063494,-0.281327,1.000066,0.001762,0.242398,-0.260951,0.997786,0.182418,198
96,-0.056737,-0.066483,0.999976,-0.010739,0.185661,-0.327433,0.997763,0.171678,226
97,-0.128245,-0.393335,1.000671,0.021912,0.057416,-0.720768,0.998432,0.193590,201
98,-0.075799,0.102842,0.999994,-0.013217,-0.018383,-0.617926,0.998426,0.180373,215
99,-0.284950,0.374169,0.999845,-0.021212,-0.303333,-0.243758,0.998271,0.159161,209
100,0.022442,0.038507,0.999853,0.008341,-0.280891,-0.205250,0.998124,0.167502,225
101,-0.096193,-0.024967,0.999996,-0.009382,-0.377084,-0.230217,0.998120,0.158120,191
102,-0.004876,0.001767,1.000004,-0.000106,-0.381960,-0.228450,0.998123,0.158014,400
103,0.029192,0.060284,0.999964,0.003565,-0.352768,-0.168167,0.998088,0.161579,223
104,-0.081123,-0.094297,1.000179,-0.011119,-0.433891,-0.262463,0.998267,0.150460,186
105,0.204025,-0.484710,1.000035,0.025383,-0.229866,-0.747173,0.998302,0.175843,213
106,-0.381147,-0.114829,1.000111,-0.006723,-0.611013,-0.862002,0.998413,0.169120,229
107,0.252019,-0.112035,0.999947,0.012404,-0.358994,-0.974037,0.998360,0.181524,268
108,-0.023098,0.116229,0.999894,-0.007228,-0.382092,-0.857808,0.998254,0.174295,251
109,0.013443,-0.242462,1.000033,0.025734,-0.368649,-1.100270,0.998286,0.200029,246
110,0.425876,-0.291669,0.999816,0.013363,0.057226,-1.391939,0.998103,0.213392,234
111,0.120363,-0.149202,0.999969,0.008496,0.177589,-1.541141,0.998072,0.221888,276
112,-0.140981,0.124277,1.000124,-0.009701,0.036608,-1.416864,0.998196,0.212187,269
113,-0.428550,0.553709,1.000370,-0.048605,-0.391942,-0.863155,0.998565,0.163581,190
114,-1.111313,-0.750689,1.001099,0.024005,-1.503255,-1.613844,0.999663,0.187586,224
115,0.202472,-0.367234,0.999873,0.014908,-1.300782,-1.981077,0.999535,0.202494,270
116,0.170397,-0.052355,0.999836,-0.011240,-1.130385,-2.033432,0.999371,0.191254,238
117,0.042366,-0.191599,1.000010,0.007609,-1.088019,-2.225032,0.999381,0.198863,237
118,-0.150650,-0.151443,0.999918,-0.007513,-1.238670,-2.376474,0.999299,0.191351,213
119,-0.113831,-0.268766,1.000188,0.007002,-1.352501,-2.645241,0.999487,0.198352,266
120,-0.175329,0.063076,1.000134,-0.007099,-1.527829,-2.582165,0.999621,0.191253,214
121,-0.164383,-0.161237,1.000048,-0.005679,-1.692212,-2.743402,0.999669,0.185575,233
122,-0.010918,-0.001721,0.999817,0.003673,-1.703130,-2.745123,0.999486,0.189248,244
123,-0.128916,-0.012978,1.000162,-0.012063,-1.832046,-2.758101,0.999648,0.177185,227
124,-0.179722,0.230781,1.000039,-0.020682,-2.011769,-2.527320,0.999688,0.156503,228
125,0.067589,-0.275279,0.999995,0.021867,-1.944179,-2.802599,0.999683,0.178370,183
126,-0.208676,-0.003364,1.000164,-0.008234,-2.152855,-2.805963,0.999847,0.170136,218
127,-0.177600,-0.134153,1.000115,0.002568,-2.330455,-2.940116,0.999962,0.172704,216
128,-0.950858,-0.852881,1.001038,0.016477,-3.281313,-3.792998,1.001000,0.189181,87
129,-0.064990,-0.112175,1.000159,-0.002063,-3.346302,-3.905173,1.001159,0.187118,186
130,-0.446981,0.115309,1.000590,-0.018349,-3.793284,-3.789864,1.001750,0.168769,171
131,0.103422,0.133696,0.999813,0.005821,-3.689862,-3.656168,1.001562,0.174590,169
132,-0.293717,-0.180754,1.000328,-0.012445,-3.983579,-3.836922,1.001891,0.162145,184
133,-0.003467,-0.008230,1.000002,0.013563,-3.987046,-3.845152,1.001893,0.175708,221
134,-0.019735,0.123036,1.000070,-0.001214,-4.006782,-3.722116,1.001963,0.174494,202
135,0.022786,0.057735,0.999853,-0.001661,-3.983995,-3.664381,1.001816,0.172833,223
136,-0.885389,0.684535,1.000664,-0.042172,-4.869384,-2.979846,1.002481,0.130661,176
137,-0.212436,0.277669,0.999935,-0.044719,-5.081820,-2.702176,1.002416,0.085942,171
138,-0.065189,0.032164,0.999891,-0.005713,-5.147009,-2.670013,1.002307,0.080229,202
139,-0.152034,-0.244024,1.000253,-0.003739,-5.299043,-2.914036,1.002561,0.076490,198
140,0.183974,0.178205,0.999671,-0.025053,-5.115070,-2.735832,1.002231,0.051437,161
141,-0.256431,0.057017,0.999842,-0.024243,-5.371501,-2.678815,1.002072,0.027194,170
142,0.400445,0.625214,0.999610,-0.008755,-4.971056,-2.053601,1.001681,0.018439,133
143,-0.046874,-0.151896,0.999820,-0.003564,-5.017930,-2.205497,1.001502,0.014875,213
144,-0.032181,-0.139941,1.000257,0.006495,-5.050110,-2.345438,1.001759,0.021370,183
145,0.031467,-0.120278,0.999880,-0.000028,-5.018644,-2.465716,1.001639,0.021342,224
146,0.021737,-0.125895,0.999963,0.005998,-4.996906,-2.591611,1.001602,0.027340,215
147,-0.111641,0.072818,1.000245,-0.022145,-5.108548,-2.518793,1.001847,0.005196,220
148,-0.082225,-0.053229,1.000219,0.003812,-5.190773,-2.572022,1.002067,0.009008,230
149,-0.205754,-0.088640,1.000212,0.009038,-5.396527,-2.660662,1.002279,0.018046,222
150,-0.140376,0.034166,1.000123,0.002327,-5.536903,-2.626496,1.002402,0.020373,217
151,-0.138167,-0.091899,1.000164,-0.003997,-5.675070,-2.718395,1.002567,0.016376,230
152,0.166008,0.230889,0.999842,-0.008683,-5.509062,-2.487506,1.002409,0.007693,193
153,0.211184,-0.097345,0.999731,0.012966,-5.297878,-2.584851,1.002139,0.020659,218
154,-0.008526,0.021803,1.000039,-0.013240,-5.306404,-2.563048,1.002178,0.007418,128
155,0.000675,-0.000635,0.999997,0.000167,-5.305729,-2.563683,1.002175,0.007586,400
156,-0.061916,-0.010996,1.000065,0.009218,-5.367645,-2.574678,1.002240,0.016803,186
157,-0.081337,0.286394,0.999987,-0.004376,-5.448981,-2.288284,1.002226,0.012428,186
158,-0.046049,0.068599,0.999905,-0.005275,-5.495030,-2.219686,1.002131,0.007153,148
159,-0.147196,-0.145754,0.999968,0.018742,-5.642226,-2.365439,1.002098,0.025895,181
160,-0.050984,0.177176,0.999916,-0.002448,-5.693210,-2.188264,1.002014,0.023447,153
161,-0.041844,0.100240,0.999954,-0.004775,-5.735054,-2.088023,1.001968,0.018672,147
162,-0.210340,-0.086714,1.000273,0.001625,-5.945394,-2.174737,1.002241,0.020297,135
163,-0.127839,0.088522,1.000252,0.003462,-6.073233,-2.086215,1.002494,0.023759,142
164,-0.126205,0.128649,1.000005,-0.000369,-6.199438,-1.957566,1.002499,0.023390,154
165,-0.126612,0.314544,0.999935,-0.019769,-6.326050,-1.643022,1.002433,0.003621,141
166,0.039637,-0.155086,1.000012,0.022430,-6.286413,-1.798109,1.002446,0.026051,146
167,0.019929,0.088877,0.999872,0.016738,-6.266484,-1.709232,1.002317,0.042789,133
168,0.060450,-0.111341,1.000006,0.015399,-6.206034,-1.820573,1.002323,0.058187,159
169,0.147549,0.068073,0.999841,0.010686,-6.058485,-1.752500,1.002164,0.068874,168
170,-0.086165,-0.361248,1.000224,0.011065,-6.144651,-2.113748,1.002388,0.079938,187
171,-0.225245,0.213918,1.000060,-0.006776,-6.369896,-1.899830,1.002448,0.073162,192
172,0.056866,-0.087273,1.000001,0.019471,-6.313030,-1.987103,1.002449,0.092634,174
173,0.022508,-0.051634,1.000102,0.006838,-6.290521,-2.038736,1.002551,0.099472,157
174,0.060345,-0.402987,1.000122,0.015355,-6.230176,-2.441724,1.002673,0.114826,155
175,-0.004804,0.227164,1.000116,-0.007401,-6.234980,-2.214560,1.002790,0.107425,195
176,0.252277,-0.242487,1.000322,0.067262,-5.982703,-2.457047,1.003112,0.174687,154
177,0.026651,0.044416,0.999953,0.000794,-5.956052,-2.412631,1.003065,0.175480,192
178,0.075360,0.096390,0.999951,0.013868,-5.880692,-2.316242,1.003016,0.189349,209
179,0.191651,0.293767,0.999599,-0.001819,-5.689040,-2.022475,1.002614,0.187529,186
180,-0.307214,0.293681,0.999867,-0.044398,-5.996254,-1.728794,1.002480,0.143131,162
181,-0.159943,0.054463,1.000068,0.014500,-6.156197,-1.674331,1.002548,0.157631,186
182,-0.121752,-0.063428,1.000230,0.005215,-6.277950,-1.737759,1.002778,0.162847,168
183,0.438586,-0.163708,1.000540,0.045792,-5.839363,-1.901467,1.003320,0.208638,146
184,-0.001857,-0.094860,1.000019,0.020425,-5.841220,-1.996327,1.003339,0.229063,128
185,0.182956,0.345537,0.999801,0.018927,-5.658264,-1.650790,1.003139,0.247990,145
186,0.039454,0.284419,0.999976,-0.000042,-5.618809,-1.366371,1.003115,0.247948,129
187,0.063688,0.105431,0.999956,0.000423,-5.555122,-1.260940,1.003071,0.248372,137
188,0.031852,-0.152740,0.999852,0.003678,-5.523270,-1.413680,1.002922,0.252050,119
189,0.205955,0.405485,1.000127,0.055003,-5.317315,-1.008195,1.003050,0.307052,97
190,-0.007073,-0.004468,1.000003,-0.000155,-5.324388,-1.012663,1.003053,0.306898,400
191,-0.214376,0.681356,0.999306,-0.055677,-5.538764,-0.331307,1.002356,0.251221,51
192,-0.142048,0.043262,1.000009,-0.000961,-5.680812,-0.288045,1.002365,0.250260,161
193,-0.157492,0.399227,1.000316,-0.006251,-5.838304,0.111182,1.002682,0.244009,120
194,-0.405556,-0.002208,1.000576,-0.027229,-6.243860,0.108975,1.003260,0.216781,106
195,-0.000288,-0.000990,0.999999,0.000028,-6.244148,0.107984,1.003258,0.216808,400
196,-0.228874,-0.139463,1.000168,-0.007843,-6.473022,-0.031478,1.003427,0.208965,47
197,-0.237295,0.209843,1.000044,-0.011733,-6.710316,0.178365,1.003471,0.197232,97
198,0.074541,0.154989,1.000143,0.021716,-6.635776,0.333354,1.003614,0.218949,94
199,-0.220232,0.148426,1.000066,-0.009475,-6.856008,0.481779,1.003680,0.209473,121
200,-0.039709,0.257644,0.999935,-0.020845,-6.895717,0.739423,1.003615,0.188628,116
201,-0.132121,0.120749,1.000040,-0.011021,-7.027838,0.860172,1.003656,0.177607,125
202,-0.014461,-0.191466,1.000046,0.012468,-7.042299,0.668706,1.003702,0.190076,142
203,-0.069440,0.085568,1.000188,0.012027,-7.111739,0.754274,1.003891,0.202103,126
204,0.011566,-0.152128,0.999818,0.005306,-7.100174,0.602146,1.003708,0.207408,121
205,0.168281,0.038193,0.999901,0.029326,-6.931893,0.640339,1.003609,0.236734,186
206,0.276760,-0.088934,0.999879,0.013607,-6.655133,0.551405,1.003488,0.250341,154
207,0.200850,-0.772739,0.999822,0.024639,-6.454283,-0.221334,1.003310,0.274980,145
208,0.294062,0.000832,0.999906,0.023256,-6.160221,-0.220502,1.003215,0.298236,173
209,0.217485,0.164500,1.000073,0.006373,-5.942735,-0.056002,1.003289,0.304608,134
210,-0.006391,0.357612,0.999791,-0.028448,-5.949126,0.301609,1.003079,0.276161,132
211,-0.041742,0.226731,1.000108,-0.012310,-5.990868,0.528340,1.003188,0.263850,117
212,0.386968,0.484758,0.999458,-0.011758,-5.603900,1.013098,1.002644,0.252092,155
213,-0.002228,-0.002324,1.000001,0.000062,-5.606128,1.010774,1.002645,0.252155,305
214,-0.170113,0.052389,1.000081,-0.003366,-5.776241,1.063163,1.002726,0.248788,143
215,0.140604,0.126227,0.999974,0.002211,-5.635637,1.189390,1.002701,0.251000,183
216,0.016317,-0.027676,1.000049,0.009267,-5.619321,1.161713,1.002749,0.260267,183
217,0.109101,0.045661,0.999947,-0.003799,-5.510220,1.207374,1.002697,0.256468,176
218,0.382202,-0.010828,0.999673,0.050806,-5.128018,1.196546,1.002369,0.307275,234
219,0.396673,0.280080,0.999517,0.013815,-4.731344,1.476627,1.001885,0.321089,175
220,0.075219,-0.029729,1.000073,0.007438,-4.656125,1.446898,1.001958,0.328527,239
221,-0.021054,0.270023,0.999972,-0.002906,-4.677179,1.716921,1.001930,0.325621,225
222,-0.196309,-0.097542,0.999960,0.013796,-4.873488,1.619379,1.001889,0.339417,209
223,0.018680,0.061126,1.000023,-0.000904,-4.854808,1.680505,1.001913,0.338513,234
224,-0.304835,0.101840,1.000214,0.000513,-5.159643,1.782345,1.002128,0.339026,270
225,-0.315500,0.391594,0.999787,-0.026443,-5.475143,2.173939,1.001914,0.312583,246
226,0.405204,0.126448,0.999468,0.004644,-5.069939,2.300386,1.001381,0.317226,254
227,0.497498,0.046029,0.999545,0.021609,-4.572441,2.346416,1.000925,0.338835,255
228,-0.057012,0.339556,0.999730,-0.028702,-4.629453,2.685971,1.000655,0.310133,262
229,0.306510,-0.307752,0.999997,0.027410,-4.322943,2.378220,1.000652,0.337543,239
230,-0.214341,-0.238071,1.000186,-0.002068,-4.537284,2.140149,1.000838,0.335474,252
231,-0.159751,0.399824,0.999932,-0.027982,-4.697035,2.539973,1.000770,0.307492,257
232,0.381501,-0.025060,0.999865,0.015658,-4.315534,2.514913,1.000635,0.323150,249
233,0.341168,0.703777,0.999664,-0.006414,-3.974366,3.218690,1.000299,0.316736,201
234,-0.158408,0.137680,0.999868,0.001471,-4.132774,3.356371,1.000167,0.318208,332
235,-0.036264,-0.182433,1.000087,0.004224,-4.169038,3.173938,1.000254,0.322432,301
236,0.142089,-0.040826,0.999796,0.002458,-4.026950,3.133112,1.000050,0.324890,236
237,-0.186859,-0.153443,1.000386,-0.020630,-4.213809,2.979669,1.000437,0.304260,223
238,-0.073825,-0.002973,0.999941,0.000261,-4.287633,2.976696,1.000377,0.304521,285
239,-0.121517,-0.305797,1.000505,0.005195,-4.409151,2.670899,1.000882,0.309716,259
240,-0.089787,0.712001,0.999891,-0.028232,-4.498938,3.382900,1.000773,0.281484,233
241,-0.164670,-0.255068,1.000165,0.014204,-4.663607,3.127831,1.000938,0.295689,211
242,0.337472,-0.287557,1.000050,0.015698,-4.326136,2.840274,1.000989,0.311386,235
243,0.057821,-0.059667,0.999839,0.026334,-4.268315,2.780607,1.000827,0.337720,250
244,-0.147412,0.007899,1.000062,0.006403,-4.415726,2.788506,1.000890,0.344123,193
245,0.161038,0.337373,0.999470,-0.002746,-4.254689,3.125878,1.000360,0.341378,180
246,-0.128674,-0.223346,1.000440,0.006844,-4.383363,2.902532,1.000800,0.348222,152
247,-0.003263,-0.002489,1.000003,0.000042,-4.386626,2.900044,1.000802,0.348264,400
248,-0.631865,-0.132977,1.000538,-0.004746,-5.018491,2.767066,1.001341,0.343518,125
249,0.339579,-0.094605,0.999804,0.026457,-4.678912,2.672462,1.001145,0.369975,152
250,0.210323,0.024093,0.999512,0.015904,-4.468589,2.696555,1.000656,0.385879,82
251,0.033025,0.629892,0.999689,-0.005776,-4.435564,3.326447,1.000345,0.380103,153
252,0.148555,-0.275970,0.999942,0.027449,-4.287009,3.050477,1.000287,0.407552,154
253,0.932876,-0.293451,0.999193,0.028113,-3.354133,2.757026,0.999480,0.435666,76
254,0.125273,-0.120604,0.999922,0.018010,-3.228860,2.636423,0.999402,0.453675,187
255,-0.056947,0.399584,0.999912,-0.011653,-3.285807,3.036007,0.999314,0.442022,207
256,-0.245489,0.694369,0.999948,-0.032682,-3.531296,3.730376,0.999261,0.409340,198
257,0.269434,-0.308757,0.999902,0.030188,-3.261862,3.421619,0.999164,0.439528,227
258,0.182354,-0.437490,0.999744,0.045484,-3.079508,2.984129,0.998908,0.485012,195
259,0.024009,-0.130321,1.000413,0.025040,-3.055499,2.853808,0.999320,0.510053,205
260,0.239699,-0.108834,0.999898,0.013878,-2.815800,2.744974,0.999218,0.523931,183
261,0.111380,0.793004,0.999552,-0.071868,-2.704420,3.537978,0.998770,0.452063,138
262,-0.349627,-0.196120,1.000712,-0.037128,-3.054047,3.341858,0.999481,0.414935,154
263,-0.119257,0.216507,0.999911,0.008846,-3.173304,3.558365,0.999393,0.423781,181
264,0.399031,0.227362,0.999648,0.003829,-2.774273,3.785728,0.999041,0.427611,169
265,-0.886302,1.163402,1.000756,-0.101554,-3.660574,4.949129,0.999796,0.326057,133
266,-0.187950,0.886575,0.999878,-0.048324,-3.848524,5.835705,0.999674,0.277733,144
267,0.002932,-0.003271,0.999997,0.000269,-3.845592,5.832434,0.999671,0.278002,400
268,-0.225052,0.455830,0.999475,-0.049756,-4.070644,6.288264,0.999147,0.228246,59
269,0.067882,0.035133,0.999680,-0.006069,-4.002762,6.323398,0.998827,0.222177,119
270,-0.001205,-0.001357,1.000003,0.000379,-4.003966,6.322041,0.998830,0.222556,400
271,-0.147216,0.349183,0.999716,-0.027287,-4.151182,6.671223,0.998547,0.195269,53
272,-0.226714,0.557797,1.000189,-0.035017,-4.377896,7.229020,0.998735,0.160253,102
273,-0.244480,-0.073319,1.000300,0.009384,-4.622376,7.155702,0.999034,0.169637,126
274,-0.196773,0.049053,1.000298,0.008040,-4.819149,7.204755,0.999332,0.177677,141
275,-0.214980,0.135503,1.000242,0.007312,-5.034128,7.340257,0.999573,0.184990,123
276,0.902973,0.514636,0.999041,0.001700,-4.131155,7.854893,0.998615,0.186690,133
277,-0.692685,0.908899,1.000545,-0.034907,-4.823840,8.763792,0.999159,0.151783,160
278,-0.447648,0.193110,1.000273,0.008060,-5.271487,8.956902,0.999432,0.159843,172
279,-0.208665,-0.042554,1.000357,0.000306,-5.480152,8.914348,0.999788,0.160149,151
280,-42.730982,-55.746176,1.095643,3.554627,-48.211134,-46.831828,1.095411,3.714776,5
281,-0.711090,-0.560095,1.000061,0.035389,-48.922224,-47.391923,1.095477,3.750165,133
282,-18.190364,-0.003234,1.000253,-0.002862,-67.112589,-47.395157,1.095754,3.747303,84
283,-0.050971,0.047498,0.999931,-0.000034,-67.163560,-47.347659,1.095678,3.747269,77
284,0.200218,-0.007889,0.999930,0.005092,-66.963342,-47.355548,1.095601,3.752362,91
285,-0.107355,-0.089099,1.000033,0.000727,-67.070697,-47.444647,1.095638,3.753088,85
286,-0.058460,0.259103,0.999950,-0.015270,-67.129157,-47.185545,1.095583,3.737819,73
287,0.184512,0.246475,0.999814,-0.004686,-66.944645,-46.939069,1.095379,3.733133,94
288,-0.131823,0.040162,1.000012,-0.020998,-67.076468,-46.898907,1.095392,3.712135,93
289,0.097391,0.004159,0.999896,0.010939,-66.979076,-46.894748,1.095278,3.723074,101
290,-0.078537,-0.197823,0.999924,0.009480,-67.057613,-47.092571,1.095195,3.732554,86
291,0.174506,-0.327374,0.999897,0.018171,-66.883107,-47.419945,1.095082,3.750725,102
292,-0.164399,0.238505,1.000024,-0.017849,-67.047506,-47.181440,1.095109,3.732876,122
293,-0.110046,0.074913,1.000066,-0.000392,-67.157552,-47.106527,1.095181,3.732485,98
294,-0.268408,0.140345,1.000122,-0.018483,-67.425961,-46.966182,1.095314,3.714001,137
295,-0.129401,0.098508,1.000184,-0.011082,-67.555362,-46.867674,1.095516,3.702919,124
296,-0.069711,-0.064040,0.999904,0.010603,-67.625073,-46.931713,1.095411,3.713523,153
297,-0.041195,0.145416,0.999966,0.000282,-67.666268,-46.786298,1.095374,3.713804,122
298,0.113968,0.120504,0.999743,-0.006635,-67.552300,-46.665794,1.095092,3.707169,145
299,-0.087584,0.422547,0.999865,-0.028977,-67.639884,-46.243247,1.094944,3.678192,106
300,0.006564,0.053409,0.999916,-0.008926,-67.633320,-46.189838,1.094852,3.669266,137
301,-0.106059,0.001026,1.000017,-0.005271,-67.739379,-46.188811,1.094871,3.663995,162
302,-0.241827,0.486322,1.000043,-0.030809,-67.981206,-45.702489,1.094918,3.633186,149
303,-0.111058,-0.032605,1.000110,-0.003351,-68.092264,-45.735094,1.095039,3.629834,171
304,-0.134045,1.303171,0.999507,-0.087949,-68.226309,-44.431923,1.094499,3.541885,114
305,-0.234632,-0.082489,1.000179,0.012969,-68.460941,-44.514412,1.094695,3.554854,178
306,-0.051517,0.243952,0.999823,-0.019045,-68.512458,-44.270460,1.094501,3.535809,183
307,-0.007926,-0.026220,0.999994,0.001806,-68.520384,-44.296680,1.094494,3.537615,187
308,-0.066227,-0.024563,0.999971,0.000127,-68.586611,-44.321243,1.094463,3.537742,211
309,0.026594,0.263171,0.999727,-0.013432,-68.560017,-44.058072,1.094164,3.524310,198
310,-0.020945,0.304789,0.999931,-0.011018,-68.580962,-43.753283,1.094089,3.513292,224
311,-0.042459,0.050934,0.999816,0.000269,-68.623421,-43.702349,1.093887,3.513561,215
312,-0.213901,0.249376,1.000117,-0.017539,-68.837323,-43.452973,1.094015,3.496022,217
313,0.040323,-0.190322,0.999930,0.014611,-68.797000,-43.643295,1.093938,3.510633,208
314,-0.153252,0.018728,0.999977,-0.011191,-68.950252,-43.624567,1.093913,3.499442,194
315,0.092688,0.114133,0.999802,-0.006998,-68.857564,-43.510433,1.093697,3.492444,208
316,-0.194399,0.020051,1.000027,-0.013261,-69.051963,-43.490382,1.093727,3.479182,230
317,-0.199276,0.204871,1.000132,-0.016639,-69.251239,-43.285512,1.093871,3.462544,212
318,0.112447,-0.119202,0.999925,0.013257,-69.138793,-43.404714,1.093789,3.475801,229
319,-0.129710,-0.050541,1.000023,0.005154,-69.268502,-43.455255,1.093814,3.480955,243
320,-0.022935,-0.073895,0.999922,0.002063,-69.291437,-43.529149,1.093729,3.483018,207
321,-0.026977,0.002310,0.999776,-0.004131,-69.318414,-43.526840,1.093484,3.478887,226
322,0.138995,-0.010311,0.999938,0.019808,-69.179419,-43.537150,1.093416,3.498694,227
323,0.000974,0.001310,0.999997,-0.000015,-69.178445,-43.535840,1.093413,3.498679,400
324,-0.122438,-0.115587,0.999906,0.011984,-69.300883,-43.651427,1.093310,3.510663,245
325,0.128206,-0.110268,0.999851,0.017279,-69.172677,-43.761695,1.093147,3.527942,239
326,-0.027138,-0.026756,0.999888,0.005365,-69.199815,-43.788451,1.093024,3.533308,244
327,0.035030,0.054978,0.999985,-0.009080,-69.164785,-43.733473,1.093008,3.524227,203
328,-0.162191,0.033530,1.000007,-0.006462,-69.326976,-43.699942,1.093015,3.517765,221
329,-0.062752,-0.137003,1.000070,0.012218,-69.389727,-43.836945,1.093092,3.529983,220
330,-0.008842,0.109420,0.999821,-0.002977,-69.398569,-43.727525,1.092896,3.527006,262
331,0.072499,0.133032,0.999739,0.001350,-69.326070,-43.594493,1.092611,3.528356,229
332,0.081690,-0.140960,0.999883,0.021760,-69.244380,-43.735452,1.092483,3.550117,265
333,-0.047926,-0.260150,0.999997,0.016355,-69.292306,-43.995603,1.092480,3.566472,256
334,-0.256223,0.129574,1.000099,-0.010833,-69.548529,-43.866028,1.092588,3.555639,265
335,-0.152338,0.266582,0.999840,-0.012901,-69.700867,-43.599447,1.092413,3.542738,200
336,-0.225607,-0.174790,0.999983,0.011335,-69.926474,-43.774236,1.092394,3.554073,330
337,-0.005227,0.002991,1.000003,-0.000349,-69.931701,-43.771246,1.092397,3.553724,400
338,-0.283788,-0.264955,1.000123,0.017395,-70.215488,-44.036201,1.092532,3.571119,309
339,-0.189562,-0.062385,1.000054,0.010402,-70.405051,-44.098586,1.092591,3.581521,337
340,-0.167307,0.012785,1.000154,0.002564,-70.572358,-44.085800,1.092760,3.584085,309
341,-0.232917,0.116097,1.000006,-0.006656,-70.805274,-43.969703,1.092766,3.577430,351
342,-0.000019,0.000408,0.999999,-0.000056,-70.805293,-43.969295,1.092765,3.577373,400
343,0.040812,-0.054408,0.999691,0.008844,-70.764480,-44.023703,1.092427,3.586218,288
344,-0.093771,-0.034805,0.999926,0.002807,-70.858251,-44.058508,1.092346,3.589024,364
345,-0.121433,0.020273,0.999943,0.000148,-70.979684,-44.038235,1.092284,3.589173,346
346,-0.078423,-0.006867,0.999986,0.008414,-71.058107,-44.045102,1.092269,3.597587,361
347,-0.000486,-0.000110,0.999999,0.000061,-71.058593,-44.045213,1.092268,3.597648,400
348,-0.120697,0.165739,0.999840,-0.008590,-71.179290,-43.879474,1.092093,3.589058,292
349,-0.186499,-0.156809,1.000280,0.010041,-71.365788,-44.036283,1.092399,3.599099,332
350,-0.033340,-0.017638,0.999976,0.007169,-71.399128,-44.053921,1.092372,3.606268,352
351,-0.108758,0.048394,1.000030,-0.006207,-71.507886,-44.005527,1.092405,3.600061,353
352,0.043832,0.104427,0.999815,-0.000160,-71.464054,-43.901100,1.092203,3.599901,272
353,-0.036510,0.161098,0.999944,-0.005973,-71.500564,-43.740001,1.092142,3.593928,358
354,-0.050597,0.002312,1.000063,-0.000677,-71.551160,-43.737689,1.092211,3.593251,366
355,-0.147509,0.013233,1.000178,0.001941,-71.698669,-43.724456,1.092405,3.595192,374
356,-0.060264,-0.063821,1.000015,0.007361,-71.758933,-43.788277,1.092421,3.602553,372
357,0.008396,-0.043983,1.000004,0.006950,-71.750537,-43.832260,1.092426,3.609503,375
358,-0.152421,-0.169437,1.000094,0.005135,-71.902958,-44.001697,1.092528,3.614638,384
359,0.014260,0.048675,0.999990,-0.000747,-71.888698,-43.953022,1.092518,3.613891,381
360,0.054808,-0.058175,0.999957,0.002189,-71.833890,-44.011197,1.092471,3.616081,359
361,-0.001090,-0.115824,1.000050,0.003949,-71.834980,-44.127020,1.092526,3.620030,384
362,-0.111713,0.144510,0.999676,-0.009841,-71.946693,-43.982511,1.092172,3.610189,220
363,-0.310722,0.078258,1.000395,0.016903,-72.257415,-43.904253,1.092603,3.627091,30
364,-0.730352,0.017734,1.000327,-0.006616,-72.987767,-43.886519,1.092960,3.620475,195
365,-0.376939,0.169101,1.000226,-0.016760,-73.364706,-43.717418,1.093208,3.603715,197
366,-0.007716,0.006159,1.000001,-0.000613,-73.372421,-43.711260,1.093209,3.603103,400
367,-0.184739,0.345597,1.000077,-0.026519,-73.557160,-43.365663,1.093294,3.576584,166
368,0.000897,-0.002345,1.000000,0.000194,-73.556263,-43.368008,1.093294,3.576778,400
369,-17.758766,-0.172808,1.000302,0.006320,-91.315029,-43.540816,1.093623,3.583098,141
370,0.128336,-0.098039,0.999883,0.018937,-91.186693,-43.638855,1.093495,3.602035,207
371,0.623586,-0.139427,0.999573,0.022553,-90.563107,-43.778281,1.093029,3.624588,153
372,-0.346051,-0.138330,1.000118,0.010942,-90.909158,-43.916611,1.093158,3.635530,213
373,-0.482903,-0.023386,1.000468,-0.005750,-91.392061,-43.939997,1.093669,3.629780,190
374,0.286920,-0.178815,0.999662,0.018898,-91.105141,-44.118812,1.093300,3.648678,174
375,-10.533720,-4.761073,1.008672,0.130870,-101.638861,-48.879884,1.102781,3.779547,71
376,-0.342779,0.236277,1.000073,-0.018345,-101.981640,-48.643607,1.102862,3.761203,188
377,-0.359222,-0.163041,1.000250,0.008332,-102.340862,-48.806648,1.103138,3.769535,202
378,-0.178840,0.034178,0.999972,-0.003253,-102.519702,-48.772470,1.103106,3.766281,146
379,-3.457953,-2.485439,1.003516,0.100001,-105.977655,-51.257910,1.106985,3.866283,281
380,-0.869915,-0.455853,1.000751,0.019456,-106.847570,-51.713762,1.107816,3.885739,304
381,-0.711040,-0.177500,1.000581,0.002064,-107.558610,-51.891262,1.108460,3.887803,371
382,0.111229,0.071648,0.999957,-0.002998,-107.447381,-51.819614,1.108411,3.884804,397
383,0.068403,0.072483,0.999967,-0.004106,-107.378978,-51.747131,1.108375,3.880698,398
384,0.695929,0.382332,0.999547,-0.020026,-106.683049,-51.364799,1.107873,3.860672,388
385,0.366210,0.153461,0.999774,-0.007465,-106.316839,-51.211338,1.107622,3.853207,400
386,-0.000398,-0.000168,1.000000,0.000012,-106.317237,-51.211506,1.107622,3.853219,400
387,0.761598,0.382523,0.999729,-0.020989,-105.555639,-50.828983,1.107321,3.832230,325
388,0.641719,0.227012,0.999784,-0.020643,-104.913920,-50.601971,1.107083,3.811586,371
389,0.717397,0.302089,0.999585,-0.018307,-104.196523,-50.299882,1.106623,3.793280,354
390,1.220046,0.334671,0.999098,-0.017676,-102.976477,-49.965211,1.105624,3.775604,359
391,0.367161,0.071598,0.999893,-0.006974,-102.609317,-49.893614,1.105506,3.768630,394
